
/*
	inserimento dei team.
*/

insert into team(nome,data_iscrizione,stato) VALUES
("team01","2015-01-20","Italia"),
("team02","2015-02-05","Italia"),
("team03","2015-01-27","Francia"),
("team04","2015-01-27","Germania"),
("team05","2015-01-24","USA"),
("team06","2015-01-24","Regno Unito"),
("team07","2015-02-10","India"),
("team08","2015-01-22","India"),
("team09","2015-01-25","Tailandia"),
("team10","2015-02-09","Russia");

/*
 inserimento degli atleti
*/

INSERT INTO atleta ( e_mail, nome_team, nome, cognome, data_nascita, sesso ) VALUES
( 'woodrow@mail.org','team01','Woodrow','Kilbride','1976-06-03','M'),
( 'jesus@mail.org','team01','Jesus','Hansen','1991-12-23','M'),
( 'jose@mail.org','team01','Jose','Juriga','1985-03-06','M'),
( 'antony@mail.org','team02','Antony','Jaeger','1996-07-02' ,'M'),
( 'micheal@mail.org','team02','Michael','Tetley','1984-10-16' ,'M'),
( 'delbert@mail.org','team02','Delbert','Starcevic','1962-08-08' ,'M'),
( 'john@mail.org','team03','John','Balo','1973-10-04' ,'M'),
( 'myung@mail.org','team03','Myung','Rhett','1970-10-30' ,'M'),
( 'georgiann@mail.org','team03','Georgiann','Diersen','1984-04-12' ,'M'),
( 'toni@mail.org','team04','Toni','Monz','1959-11-21' ,'M'),
( 'jacob@mail.org','team04','Jacob','Padua','1986-05-26' ,'M'),
( 'kenton@mail.org','team04','Kenton','Sawczyszyn','1960-01-01' ,'M'),
( 'chris@mail.org','team05','Chris','Eversmann','1967-11-18' ,'M'),
( 'warren@mail.org','team05','Warren','Dominique','1986-08-15' ,'M'),
( 'melvin@mail.org','team05','Melvin','Simmons','1957-08-05' ,'M'),
( 'fredrick@mail.org','team06','Fredrick','Nestingen','1966-04-22' ,'M'),
( 'chester@mail.org','team06','Chester','Andersen','1956-01-24' ,'M'),
( 'graig@mail.org','team06','Graig','Bonetto','1974-12-24' ,'M'),
( 'pete@mail.org','team07','Pete','Sharplin','1976-08-18' ,'M'),
( 'charles@mail.org','team07','Charles','Kepani','1994-12-15' ,'M'),
( 'eddy@mail.org','team07','Eddy','Schleh','1961-11-17' ,'M'),
( 'terrance@mail.org','team08','Terrance','Haubert','1970-05-14' ,'M'),
( 'isaias@mail.org','team08','Isaias','Dieter','1983-09-03' ,'M'),
( 'dennis@mail.org','team08','Dennis','Dafonseca','1996-09-27' ,'M'),
( 'beryl@mail.org','team09','Beryl','Lehmkuhl','1987-06-24' ,'M'),
( 'wilber@mail.org','team09','Wilber','Comp','1993-10-17' ,'M'),
( 'marlon@mail.org','team09','Marlon','Wikholm','1981-06-18' ,'M'),
( 'jamaal@mail.org','team10','Jamaal','Giacone','1968-11-19' ,'M'),
( 'mark@mail.org','team10','Mark','Bernskoetter','1985-08-17' ,'M'),
( 'kurtis@mail.org','team10','Kurtis','Innarelli','1971-05-19' ,'M'),
( 'tifany@mail.org','team01','Tifany','Keziah','1972-05-13','F'),
( 'raeann@mail.org','team01','Raeann','Lee','1973-05-17','F'),
( 'jenni@mail.org','team01','Jenni','Nguyen','1966-04-11','F'),
( 'laraine@mail.org','team02','Laraine','Tenneson','1977-10-26','F'),
( 'delsie@mail.org','team02','Delsie','Vildosola','1966-06-01','F'),
( 'sirena@mail.org','team02','Sirena','Stingel','1960-02-03' ,'F'),
( 'myles@mail.org','team03','Myles','Bonga','1997-06-06' ,'F'),
( 'marietta@mail.org','team03','Marietta','Vena','1980-05-02' ,'F'),
( 'beaulah@mail.org','team03','Beaulah','Truslow','1986-01-24' ,'F'),
( 'jessica@mail.org','team04','Jessica','Slankard','1970-06-09' ,'F'),
( 'alexandra@mail.org','team04','Alexandra','Hillerud','1979-05-05' ,'F'),
( 'eunice@mail.org','team04','Eunice','Galle','1962-04-03' ,'F'),
( 'shirlene@mail.org','team05','Shirlene','Crecco','1965-06-02' ,'F'),
( 'tenesha@mail.org','team05','Tenesha','Groskreutz','1977-05-21' ,'F'),
( 'kenyatta@mail.org','team05','Kenyatta','Leuthauser','1969-05-01' ,'F'),
( 'katharina@mail.org','team06','Katharina','Landefeld','1987-01-03' ,'F'),
( 'maira@mail.org','team06','Maira','Olay','1968-12-21' ,'F'),
( 'veronique@mail.org','team06','Veronique','Higashida','1957-04-11' ,'F'),
( 'latia@mail.org','team07','Latia','Thivierge','1966-08-29' ,'F'),
( 'gene@mail.org','team07','Gene','Glascoe','1966-11-07' ,'F'),
( 'joane@mail.org','team07','Joane','Muhlbach','1979-02-18' ,'F'),
( 'rosie@mail.org','team08','Rosie','Maurais','1966-02-28' ,'F'),
( 'teodora@mail.org','team08','Teodora','Paalan','1958-02-08' ,'F'),
( 'camelia@mail.org','team08','Camelia','Gordon','1992-07-07' ,'F'),
( 'keira@mail.org','team09','Keira','Festa','1957-07-09' ,'F'),
( 'princess@mail.org','team09','Princess','Cumber','1977-05-12' ,'F'),
( 'cristina@mail.org','team09','Cristina','Penning','1966-09-11' ,'F'),
( 'chelsea@mail.org','team10','Chelsea','Sternberger','1995-06-13' ,'F'),
( 'ivory@mail.org','team10','Ivory','Cepero','1990-11-30' ,'M'),
( 'adrienne@mail.org','team10','Adrienne','Towley','1966-12-15' ,'F');

/*
 inserimento dei coach
*/

INSERT INTO coach ( e_mail, nome_team, nome, cognome, data_nascita, sesso ) VALUES
( 'regena@coach.org','team01','Regena','McFarlen','1973-03-02' ,'F'),
( 'lakisha@coach.org','team02','Lakisha','Wyze','1996-08-07' ,'F'),
( 'ronald@coach.org','team03','Ronald','Loparco','1980-12-20' ,'M'),
( 'janet@coach.org','team04','Janet','Meullion','1961-08-10' ,'F'),
( 'jonelle@coach.org','team05','Jonelle','Snaples','1996-09-18' ,'F'),
( 'toshiko@coach.org','team06','Toshiko','Trio','1986-11-30' ,'F'),
( 'joseph@coach.org','team01','Joseph','Lecy','1993-02-12' ,'F'),
( 'jeremiah@coach.org','team02','Jeremiah','Parchment','1965-12-17' ,'M'),
( 'gerardo@coach.org','team05','Gerardo','Halston','1975-11-21' ,'M'),
( 'joshua@coach.org','team07','Joshua','Ewell','1979-02-15' ,'M'),
( 'ahmad@coach.org','team08','Ahmad','Lolagne','1978-07-17' ,'M'),
( 'margie@coach.org','team09','Margie','Pocius','1966-05-28' ,'F'),
( 'matthew@coach.org','team10','Matthew','Dossantos','1981-10-29' ,'M'),
( 'shawanda@coach.org','team10','Shawanda','Martinet','1992-01-14' ,'F'),
( 'megivern@coach.org','team06','Mary','Megivern','1994-07-31' ,'F');


/*
 inserimento dei giudici
*/

INSERT INTO giudice ( id_giudice, nome, cognome, data_nascita, sesso ) VALUES
( '1cde09e0a','Edwardo','Rafey','1971-11-23' ,'M'),
( '6d','James','Arambuia','1990-11-02' ,'M'),
( '4766','Jutta','Dezell','1978-05-02' ,'F'),
( '3921b1e3','Eric','Kakudji','1964-12-30' ,'M'),
( '65aec','Samual','Baugham','1972-03-09' ,'M'),
( '69dcb1','Treasa','Dechambeau','1994-02-14' ,'F'),
( '13c2','Margaret','Woeste','1973-07-31' ,'F'),
( 'eb84d75b','Clayton','Hanstein','1964-05-11' ,'M'),
( '49d6c','Marcellus','Batarse','1983-05-07' ,'M'),
( '33703cbe3','Exie','Biever','1978-05-19' ,'F'),
( '0e5c18','Codi','Baltazar','1989-07-08' ,'M'),
( '908151','Patricia','Tomczak','1963-12-09' ,'F'),
( 'b4cbeada4a','Eustolia','Balls','1972-02-13' ,'F'),
( '7d127d87a','Shonta','Carns','1970-07-17' ,'F'),
( '8da432e','Jarvis','Adelmund','1980-07-19' ,'M'),
( 'd446e23','Terrence','Aranjo','1984-08-07' ,'M'),
( '8ab563d38','Walter','Schuff','1965-12-02' ,'M'),
( 'b1c9','Eunice','Naik','1987-08-30' ,'F'),
( '5366e7d3b1','Clifton','Geres','1987-12-14' ,'M'),
( '4d302dbbc8','Kyle','Kistle','1984-08-18' ,'M'),
( 'ad649a','Elvin','Flattery','1973-06-02' ,'M'),
( '321a','Mary','Eiland','1988-09-23' ,'F'),
( 'c9c9b','Wendolyn','Suddath','1959-07-01' ,'F'),
( '7bb581e','Columbus','Lederman','1961-01-05' ,'M');

/*
 inserimento dei sponsor
*/

INSERT INTO sponsor (nome,nome_team,quota_versata) VALUES
('rmp fitness','team01',5000),
('junk','team02',10000),
('rokfit','team02',8000),
('life aid','team04',7900),
('rx','team05',12000),
('quest nutrition','team06',5300),
('lurong living','team07',9800),
('crossover symmetry','team08',15000),
('project x','team09',13400),
('skins','team10',6200),
('rumbleroller','team01',7000),
('caffeine and kilos','team02',5450),
('reebok','team08',5000),
('exosleeve','team04',6000),
('affiliateguard','team05',8000),
('harbinger','team06',20000);

/*
 inserimento delle certificazioni
*/

INSERT INTO certificazione (id_livello, descrizione) VALUES
('cf-l1',"The Level 1 Certificate Course is an introduction to CrossFit's methodology and foundational movements."),
('cf-l2',"The Level 2 Certificate Course (formerly the Coach's Prep Course) is an intermediate-level seminar that builds on the concepts and movements introduced at the Level 1 Certificate Course."),
('cf-l3',"The Certified CrossFit Level 3 Trainer has demonstrated competency across a breadth of CrossFit material. They understand CrossFit methodology and coaching via the Certificate Courses, have significant CrossFit coaching experience."),
('cf-l4',"The Certified CrossFit Level 4 Coach credential is a one-day performance evaluation of a trainer's ability to coach CrossFit movements in a small group setting.");

/*
 assegnazione delle certificazioni ai coach
*/

INSERT INTO co_ce (e_mail, id_livello) VALUES
('ahmad@coach.org','cf-l1'),
('ahmad@coach.org','cf-l2'),
('gerardo@coach.org','cf-l1'),
('gerardo@coach.org','cf-l2'),
('gerardo@coach.org','cf-l3'),
('janet@coach.org','cf-l1'),
('jeremiah@coach.org','cf-l1'),
('jonelle@coach.org','cf-l1'),
('joseph@coach.org','cf-l1'),
('joseph@coach.org','cf-l2'),
('joseph@coach.org','cf-l3'),
('joseph@coach.org','cf-l4'),
('joshua@coach.org','cf-l1'),
('joshua@coach.org','cf-l2'),
('joshua@coach.org','cf-l3'),
('lakisha@coach.org','cf-l1'),
('margie@coach.org','cf-l1'),
('matthew@coach.org','cf-l1'),
('megivern@coach.org','cf-l1'),
('regena@coach.org','cf-l1'),
('ronald@coach.org','cf-l1'),
('shawanda@coach.org','cf-l1'),
('toshiko@coach.org','cf-l1'),
('toshiko@coach.org','cf-l2');

/*
 inserimento degli esercizi
*/

INSERT INTO esercizio (nome_esercizio, descrizione) VALUES
('chest-to-bar pull-up','aa'),
('power clean','bb'),
('squat','cc'),
('run','dd'),
('thruster','ee'),
('ghd sit-up','ff'),
('pull-up','gg'),
('hip extension','hh'),
('hang squot clean','ii'),
('one-legged squat','jj'),
('double-under','kk'),
('behind-the-neck jerk','ll'),
('row','mm'),
('toest-tobar','nn'),
('deadlift','oo'),
('handstand push-up','pp'),
('box jump','qq'),
('front squot','ss'),
('body-weight deadlift','tt'),
('body-weight bench press','uu'),
('body-weight clean','vv'),
('kettlebell swing','ww'),
('burpess','xx'),
('woll-ball shot','yy'),
('squat snatch','zz'),
('bike','aaa'),
('back squat','bbb'),
('push press','ccc'),
('hang power clean','ddd'),
('muscle-up','eee'),
('shoulder-to-overhead','fff'),
('snatch','ggg'),
('clean and jerk','hhh'),
('split jerk','iii'),
('bar-facing burpess','jjj'),
('hang squat snatch','kkk');

/*
 inserimento dei box
*/

INSERT INTO box (nome_box, stato) VALUES
('crossfit sigonella','italy'),
('crossfit vicenza','italy'),
('crossfit aviano','italy'),
('reebok crossfit alcamo','italy'),
('crossfit stade des alpes','france'),
('crossfit nancy','france'),
('crossfit montpellier','france'),
('crossfit essen','germany'),
('myleo crossfit','germany'),
('crossfit am main','germany'),
('crossfit hh','germany'),
('crossfit mildenhall','united kingdom'),
('crossfit air command','united kingdom'),
('crossfit keelhaul','united kingdom'),
('crossfit pirbright','united kingdom'),
('crossfit conz','united kingdom');

/*
 inserimento dei wod
*/

INSERT INTO wod (data_pubblicazione, data_termine, id_wod, nome_box) VALUES
('2015-01-15','2015-01-20','2rfupf2bhl','crossfit sigonella'),
('2015-01-21','2015-01-28','mwhmcjajq0','crossfit vicenza'),
('2015-02-02','2015-02-20','dmposmt100','crossfit stade des alpes'),
('2015-04-10','2015-04-16','in8ntkmt5a','crossfit essen'),
('2015-05-05','2015-05-18','9gtv66fwvr','myleo crossfit'),
('2015-05-22','2015-05-26','7m1ive554u','myleo crossfit'),
('2015-07-01','2015-07-10','fdq0kwf00m','crossfit mildenhall'),
('2015-07-12','2015-07-15','rawrnse1h2','crossfit air command'),
('2015-07-25','2015-07-29','a2avztnh3u','crossfit air command'),
('2015-08-13','2015-08-22','4jjtfkkkw8','crossfit conz'),
('2015-08-24','2015-08-29','obs7puksk9','crossfit pirbright');

/*
 inserimento composizione wod
*/
INSERT INTO wo_es (id_wod, nome_esercizio, attrezzo, peso, ripetizioni) VALUES
('2rfupf2bhl','chest-to-bar pull-up','sbarra',NULL,9),
('2rfupf2bhl','power clean','bilancere',135,15),
('2rfupf2bhl','squat',NULL,NULL,21),
('2rfupf2bhl','run',NULL,NULL,400),
('2rfupf2bhl','woll-ball shot','mad ball',20,50),
('mwhmcjajq0','ghd sit-up',null,null,30),
('mwhmcjajq0','run',null,45,100),
('mwhmcjajq0','front squot',null,null,40),
('dmposmt100','squat',null,null,150),
('dmposmt100','hip extension',null,null,75),
('dmposmt100','pull-up','sbarra',null,35),
('dmposmt100','burpess',null,null,120),
('in8ntkmt5a','double-under','corda',null,45),
('in8ntkmt5a','hang squat snatch','bilancere',150,10),
('9gtv66fwvr','row','row machine',null,250),
('9gtv66fwvr','deadlift','bilancere',45,15),
('9gtv66fwvr','handstand push-up',null,null,20),
('7m1ive554u','box jump','box',null,15),
('7m1ive554u','kettlebell swing','kettlebell',40,15),
('7m1ive554u','muscle-up','sbarra',null,25),
('7m1ive554u','clean and jerk','bilancere',45,13),
('fdq0kwf00m','squat snatch','bilancere',30,10),
('fdq0kwf00m','one-legged squat',null,null,20),
('rawrnse1h2','bar-facing burpess','bilancere',null,17),
('rawrnse1h2','bike','bike',null,600),
('rawrnse1h2','push press','bilancere',55,8),
('rawrnse1h2','hang squot clean','bilancere',15,20),
('rawrnse1h2','shoulder-to-overhead','bilancere',30,20),
('a2avztnh3u','split jerk','bilancere',200,10),
('a2avztnh3u','hang squat snatch','bilancere',70,13),
('a2avztnh3u','one-legged squat',null,null,60),
('4jjtfkkkw8','run',null,null,900),
('4jjtfkkkw8','double-under','corda',null,150),
('4jjtfkkkw8','squat',null,null,150),
('4jjtfkkkw8','row','row machine',null,500),
('obs7puksk9','kettlebell swing','kettlebell',15,25),
('obs7puksk9','pull-up','sbarra',null,25),
('obs7puksk9','push press','bilancere',55,40),
('obs7puksk9','back squat','bilancere',60,45),
('obs7puksk9','power clean','bilancere',30,29),
('obs7puksk9','burpess',null,null,200);

/*
inserimento delle competizioni
*/

INSERT INTO te_gi_wo(id_giudice, id_wod, data_esecuzione, nome_team, punteggio) VALUES
('0e5c18', '7m1ive554u','2015-05-25','team07',54),
('0e5c18', 'mwhmcjajq0','2015-01-21','team07',10),
('0e5c18', 'obs7puksk9','2015-08-27','team06',71),
('0e5c18', 'rawrnse1h2','2015-07-14','team08',75),
('13c2', '4jjtfkkkw8','2015-08-13','team04',90),
('13c2', '7m1ive554u','2015-05-24','team10', 5),
('13c2', 'a2avztnh3u','2015-07-25','team06',47),
('13c2', 'fdq0kwf00m','2015-07-04','team06',44),
('1cde09e0a', 'rawrnse1h2','2015-07-12','team10',62),
('321a', '4jjtfkkkw8','2015-08-19','team08',49),
('321a', 'dmposmt100','2015-02-10','team01',61),
('33703cbe3', 'fdq0kwf00m','2015-07-02','team07',77),
('33703cbe3', 'in8ntkmt5a','2015-04-12','team01',71),
('33703cbe3', 'in8ntkmt5a','2015-04-12','team09',23),
('3921b1e3', 'dmposmt100','2015-02-07','team07',20),
('3921b1e3', 'obs7puksk9','2015-08-25','team02',74),
('4766', '9gtv66fwvr','2015-05-05','team05',27),
('49d6c', 'in8ntkmt5a','2015-04-12','team06', 2),
('49d6c', 'mwhmcjajq0','2015-01-23','team04',56),
('4d302dbbc8', '2rfupf2bhl','2015-01-15','team01',45),
('4d302dbbc8', 'in8ntkmt5a','2015-04-13','team04', 8),
('4d302dbbc8', 'obs7puksk9','2015-08-26','team01',30),
('4d302dbbc8', 'obs7puksk9','2015-08-24','team09',54),
('5366e7d3b1', '7m1ive554u','2015-05-25','team09',91),
('5366e7d3b1', 'a2avztnh3u','2015-07-26','team03',84),
('5366e7d3b1', 'mwhmcjajq0','2015-01-27','team05', 7),
('5366e7d3b1', 'rawrnse1h2','2015-07-14','team06',85),
('65aec', '2rfupf2bhl','2015-01-16','team10',66),
('69dcb1', 'dmposmt100','2015-02-14','team03',96),
('6d', '7m1ive554u','2015-05-24','team03',42),
('6d', '7m1ive554u','2015-05-24','team05',82),
('6d', 'dmposmt100','2015-02-02','team04',59),
('7bb581e', 'dmposmt100','2015-02-03','team06', 6),
('7bb581e', 'dmposmt100','2015-02-11','team10',95),
('7bb581e', 'fdq0kwf00m','2015-07-08','team02',29),
('7bb581e', 'obs7puksk9','2015-08-28','team05',41),
('7bb581e', 'rawrnse1h2','2015-07-13','team03',51),
('7d127d87a', 'dmposmt100','2015-02-14','team02',36),
('8da432e', '2rfupf2bhl','2015-01-16','team02',63),
('8da432e', '2rfupf2bhl','2015-01-15','team08',66),
('8da432e', '7m1ive554u','2015-05-23','team06',92),
('8da432e', 'dmposmt100','2015-02-08','team08',59),
('8da432e', 'fdq0kwf00m','2015-07-07','team09',33),
('908151', '7m1ive554u','2015-05-24','team08',28),
('908151', 'in8ntkmt5a','2015-04-14','team02',27),
('908151', 'in8ntkmt5a','2015-04-14','team03',53),
('908151', 'mwhmcjajq0','2015-01-27','team09',81),
('908151', 'obs7puksk9','2015-08-27','team04',16),
('908151', 'rawrnse1h2','2015-07-13','team09',16),
('ad649a', '4jjtfkkkw8','2015-08-14','team03',22),
('ad649a', '4jjtfkkkw8','2015-08-21','team06',62),
('b1c9', '9gtv66fwvr','2015-05-10','team04', 4),
('b1c9', '9gtv66fwvr','2015-05-13','team06', 8),
('b1c9', 'a2avztnh3u','2015-07-26','team09',21),
('b1c9', 'a2avztnh3u','2015-07-25','team10',11),
('b1c9', 'dmposmt100','2015-02-14','team09',38),
('b4cbeada4a', 'obs7puksk9','2015-08-26','team07',59),
('b4cbeada4a', 'obs7puksk9','2015-08-24','team08',29),
('c9c9b', '9gtv66fwvr','2015-05-12','team01',75),
('c9c9b', 'fdq0kwf00m','2015-07-02','team03',94),
('c9c9b', 'mwhmcjajq0','2015-01-22','team06', 7),
('c9c9b', 'rawrnse1h2','2015-07-14','team02',58),
('eb84d75b', '2rfupf2bhl','2015-01-16','team04',18),
('eb84d75b', '9gtv66fwvr','2015-05-13','team08',93),
('eb84d75b', 'a2avztnh3u','2015-07-25','team04',76),
('eb84d75b', 'mwhmcjajq0','2015-01-22','team02', 1),
('eb84d75b', 'rawrnse1h2','2015-07-13','team07',16);

/*
 inserimento persona spettatore
*/

insert into persona (codice_fiscale, nome, cognome, data_nascita, sesso) values
('580-01-8340', 'Lisa', 'Banks', '1996-03-07', 'F'),
('664-82-2845', 'Angela', 'Garza', '1991-03-20', 'F'),
('326-27-1686', 'Judith', 'Lynch', '1975-07-09', 'F'),
('816-67-2964', 'Kathleen', 'Cole', '1967-12-08', 'F'),
('781-81-5500', 'Carolyn', 'Ortiz', '1987-12-17', 'F'),
('944-22-7260', 'Robin', 'Stephens', '1976-07-01', 'F'),
('602-33-7537', 'Shirley', 'Reid', '1984-11-25', 'F'),
('620-94-6245', 'Irene', 'Black', '1984-03-27', 'F'),
('532-64-7942', 'Jessica', 'Reynolds', '1966-09-30', 'F'),
('479-24-6079', 'Susan', 'Harris', '1996-03-25', 'F'),
('764-00-2718', 'Frances', 'Tucker', '1968-10-25', 'F'),
('690-77-0593', 'Kathy', 'Harris', '1992-03-03', 'F'),
('298-10-5658', 'Frances', 'Walker', '1971-01-07', 'F'),
('115-89-3173', 'Jacqueline', 'Medina', '1981-03-16', 'F'),
('529-53-3240', 'Julia', 'Daniels', '1965-10-12', 'F'),
('943-58-4348', 'Gloria', 'Fields', '1986-05-12', 'F'),
('865-08-1443', 'Sharon', 'Diaz', '1956-03-17', 'F'),
('342-83-2663', 'Joan', 'Snyder', '1974-07-14', 'F'),
('261-81-9687', 'Jessica', 'Duncan', '1980-07-24', 'F'),
('277-40-0724', 'Jennifer', 'Simmons', '1985-02-04', 'F'),
('343-31-9575', 'Carol', 'Barnes', '1958-03-11', 'F'),
('409-55-4096', 'Brenda', 'Peters', '1974-07-15', 'F'),
('135-00-3307', 'Eugene', 'Roberts', '1989-05-29', 'M'),
('136-56-4598', 'Victor', 'Matthews', '1956-10-17', 'M'),
('828-40-8126', 'Justin', 'King', '1988-07-27', 'M'),
('532-22-7506', 'Kevin', 'Thomas', '1991-01-14', 'M'),
('820-12-4770', 'Douglas', 'Alexander', '1978-05-09', 'M'),
('744-38-2229', 'Shawn', 'Hill', '1971-06-04', 'M'),
('604-42-6150', 'Patrick', 'White', '1985-04-10', 'M'),
('393-88-8135', 'Matthew', 'Fields', '1975-05-25', 'M'),
('980-45-6742', 'Louis', 'Simpson', '1978-09-22', 'M'),
('280-16-3253', 'George', 'Warren', '1961-10-06', 'M'),
('586-39-5111', 'Anthony', 'Lynch', '1977-11-22', 'M'),
('117-69-2861', 'Anthony', 'Armstrong', '1961-10-03', 'M'),
('782-20-0523', 'Harry', 'Mcdonald', '1993-03-16', 'M'),
('720-88-5936', 'Joshua', 'Frazier', '1966-01-12', 'M'),
('116-41-8799', 'Carl', 'Myers', '1970-08-26', 'M'),
('888-29-8773', 'Jesse', 'Baker', '1986-02-01', 'M'),
('667-15-3793', 'Jack', 'Brown', '1995-01-28', 'M'),
('331-57-8528', 'Peter', 'Moreno', '1988-01-31', 'M'),
('293-02-7297', 'Louis', 'Powell', '1959-09-27', 'M'),
('781-94-4378', 'Larry', 'King', '1963-09-13', 'M'),
('140-63-9038', 'Ryan', 'Gomez', '1983-07-27', 'M');

/*
inserimento degli spettatori
*/

INSERT INTO bo_pe (nome_box, codice_fiscale, data_presenza) VALUES
('myleo crossfit','580-01-8340','2015-05-25'),
('myleo crossfit','664-82-2845','2015-05-25'),
('myleo crossfit','326-27-1686','2015-05-25'),
('myleo crossfit','816-67-2964','2015-05-25'),
('myleo crossfit','781-81-5500','2015-05-25'),
('myleo crossfit','135-00-3307','2015-05-25'),
('myleo crossfit','136-56-4598','2015-05-25'),
('crossfit sigonella','580-01-8340','2015-01-15'),
('crossfit sigonella','944-22-7260','2015-01-15'),
('crossfit sigonella','828-40-8126','2015-01-15'),
('crossfit sigonella','532-22-7506','2015-01-15'),
('crossfit sigonella','602-33-7537','2015-01-16'),
('crossfit sigonella','620-94-6245','2015-01-16'),
('crossfit sigonella','532-64-7942','2015-01-16'),
('crossfit sigonella','820-12-4770','2015-01-16'),
('crossfit vicenza','479-24-6079','2015-01-21'),
('crossfit vicenza','764-00-2718','2015-01-21'),
('crossfit vicenza','690-77-0593','2015-01-21'),
('crossfit vicenza','298-10-5658','2015-01-21'),
('crossfit vicenza','136-56-4598','2015-01-22'),
('crossfit vicenza','532-22-7506','2015-01-22'),
('crossfit vicenza','744-38-2229','2015-01-23'),
('crossfit vicenza','828-40-8126','2015-01-27'),
('crossfit vicenza','326-27-1686','2015-01-27'),
('crossfit vicenza','580-01-8340','2015-01-27'),
('crossfit vicenza','532-64-7942','2015-01-27'),
('crossfit vicenza','744-38-2229','2015-01-27'),
('crossfit stade des alpes','664-82-2845','2015-02-02'),
('crossfit stade des alpes','690-77-0593','2015-02-02'),
('crossfit stade des alpes','604-42-6150','2015-02-14'),
('crossfit stade des alpes','393-88-8135','2015-02-14'),
('crossfit stade des alpes','980-45-6742','2015-02-14'),
('crossfit stade des alpes','280-16-3253','2015-02-14'),
('crossfit stade des alpes','586-39-5111','2015-02-14'),
('crossfit stade des alpes','115-89-3173','2015-02-14'),
('crossfit essen','115-89-3173','2015-04-13'),
('crossfit essen','620-94-6245','2015-04-13'),
('myleo crossfit','529-53-3240','2015-05-13'),
('myleo crossfit','943-58-4348','2015-05-13'),
('myleo crossfit','865-08-1443','2015-05-13'),
('myleo crossfit','342-83-2663','2015-05-13'),
('crossfit mildenhall','261-81-9687','2015-07-02'),
('crossfit mildenhall','117-69-2861','2015-07-02'),
('crossfit mildenhall','529-53-3240','2015-07-02'),
('crossfit mildenhall','604-42-6150','2015-07-07'),
('crossfit air command','479-24-6079','2015-07-12'),
('crossfit air command','764-00-2718','2015-07-12'),
('crossfit air command','115-89-3173','2015-07-12'),
('crossfit air command','529-53-3240','2015-07-12'),
('crossfit air command','115-89-3173','2015-07-26'),
('crossfit air command','865-08-1443','2015-07-26'),
('crossfit air command','744-38-2229','2015-07-26'),
('crossfit air command','136-56-4598','2015-07-26'),
('crossfit air command','690-77-0593','2015-07-26'),
('crossfit air command','816-67-2964','2015-07-26'),
('crossfit air command','782-20-0523','2015-07-26'),
('crossfit conz','720-88-5936','2015-08-19'),
('crossfit conz','116-41-8799','2015-08-19'),
('crossfit conz','277-40-0724','2015-08-19'),
('crossfit conz','343-31-9575','2015-08-19'),
('crossfit conz','409-55-4096','2015-08-19'),
('crossfit conz','529-53-3240','2015-08-19'),
('crossfit conz','580-01-8340','2015-08-19'),
('crossfit conz','602-33-7537','2015-08-19'),
('crossfit pirbright','342-83-2663','2015-08-26'),
('crossfit pirbright','479-24-6079','2015-08-26'),
('crossfit pirbright','888-29-8773','2015-08-28'),
('crossfit pirbright','667-15-3793','2015-08-28'),
('crossfit pirbright','331-57-8528','2015-08-28'),
('crossfit pirbright','293-02-7297','2015-08-28'),
('crossfit pirbright','781-94-4378','2015-08-28'),
('crossfit pirbright','140-63-9038','2015-08-28');
